0,1
mitchy.0,https://rocketleague.tracker.network/rocket-league/profile/steam/76561198415606823/overview
mitchy.1,https://rocketleague.tracker.network/rocket-league/profile/steam/76561198415606823/overview
mitchy.2,https://rocketleague.tracker.network/rocket-league/profile/steam/76561198415606823/overview
mitchy.3,https://rocketleague.tracker.network/rocket-league/profile/steam/76561198415606823/overview
mitchy.4,https://rocketleague.tracker.network/rocket-league/profile/steam/76561198415606823/overview
mitchy.5,https://rocketleague.tracker.network/rocket-league/profile/steam/76561198415606823/overview
mitchy.6,https://rocketleague.tracker.network/rocket-league/profile/steam/76561198415606823/overview
mitchy.7,https://rocketleague.tracker.network/rocket-league/profile/steam/76561198415606823/overview
mitchy.8,https://rocketleague.tracker.network/rocket-league/profile/steam/76561198415606823/overview
mitchy.9,https://rocketleague.tracker.network/rocket-league/profile/steam/76561198415606823/overview
